Institution Name (moze biti vise sa istim imenom na vise adresa),Number of locations,Location Canton,Standort,Street Name and Number,Postal Number and Municipality
aarReha Schinznach Zentrum für Rehabilitation,2,AG,Schinznach Bad,Badstrasse 55,5116 Schinznach Bad
aarReha Schinznach Zentrum für Rehabilitation,2,AG,Zofingen,Mühlethalstrasse 27,4800 Zofingen
Adullam-Stiftung Basel Adullam-Geriatriespital,2,BS,"Adullam Spital, Basel",Mittlere Strasse 15,4056 Basel
Adullam-Stiftung Basel Adullam-Geriatriespital,2,BS,"Adullam Spital, Riehen",Schützengasse 60,4125 Riehen
Adus Medica AG,1,ZH,Adus Medica AG,Breitestrasse 11,8157 Dielsdorf
Andreas Klinik,1,ZG,Andreas Klinik,Rigistrasse 1,6340 Cham
Asana Gruppe AG Spital Leuggern,1,AG,Asana Gruppe Spital Leuggern,Kommendeweg 12,5316 Leuggern
Asana Gruppe AG Spital Menziken,1,AG,Asana Gruppe Spital Menziken,Spitalstrasse 1,5737 Menziken
Bad Schinznach AG Privat-Klinik Im Park,1,AG,Schinznach - Bad,Badstrasse 50,5116 Schinznach Bad
Berit Paracelsus-Klinik AG,1,AR,Berit Klinik,Vögelinsegg 5,9042 Speicher
Berner Klinik Montana (Stiftung),1,VS,Klinik Montana,Imp. Palace Bellevue 1,3963 Crans-Montana
Berner Reha Zentrum AG,1,BE,Klinik Heiligenschwendi,Schwendi 303,3625 Heiligenschwendi
Bethesda Spital AG,1,BS,Bethesda Spital,Gellertstrasse 144,4052 Basel
"Biotonus, Clinique Bon-Port SA centre de soins médicaux & esthétiques",1,VD,Biotonus,Rue Bon-Port 27,1820 Montreux
Bürgenstock Hotels AG - Waldhotel Health & Medical Excellence Rehabilitationsklinik,1,NW,Bürgenstock Hotels AG Waldhotel Health & Medical Excellence Rehabilitationsklinik,Bürgenstock 30,6363 Obbürgen
Cardiocentro Ticino (CCT),1,TI,Cardiocentro Ticino,Via Tesserete 48,6900 Lugano
Center da Sanadad Savognin SA,1,GR,Center da Sanadad Savognin,Stradung 52,7460 Savognin
Center da Sanda Engiadina Bassa Ospidal d'Engiadina Bassa,1,GR,Ospidal d'Engiadina Bassa,Via da l'Ospidal 280,7550 Scuol
Center da Sanda Val Müstair Akutabteilung,1,GR,Center da Sanda Val Müstair,Sielva,7536 Sta. Maria V. M.
Centro Sanitario Bregaglia Reparto Acuto,1,GR,Centro Sanitario Bregaglia Reparto Acuto,Flin,7606 Promontogno
Centro Sanitario Valposchiavo Ospedale San Sisto,1,GR,Centro Sanitario Valposchiavo Ospedale San Sisto,Via da l'Uspedal 1000,7742 Poschiavo
Cereneo Schweiz AG Neurorehabilitationsklinik,1,LU,Cereneo Schweiz AG,Seestrasse 18,6354 Vitznau
CHUV Centre Hospitalier Universitaire Vaudois,3,VD,Centre Hospitalier Universitaire Vaudois,Rue du Bugnon 21,1011 Lausanne
CHUV Centre Hospitalier Universitaire Vaudois,3,VD,Psychiatrie Nord CPNVD,Avenue des Sports 12B,1400 Yverdon-les-Bains
CHUV Centre Hospitalier Universitaire Vaudois,3,VD,Psychiatrie Ouest Hôpital de Prangins,Chemin Oscar Forel 3,1197 Prangins
Clienia Littenheid AG Klinik für Psychiatrie und Psychotherapie,1,TG,Clienia Littenheid AG,,9573 Littenheid
Clienia Schlössli AG,4,ZH,Clienia Schlössli AG,Schlösslistrasse 8,8618 Oetwil am See
Clienia Schlössli AG,4,ZH,Psychiatriezentrum Männedorf,Bergstrasse 34,8708 Männedorf
Clienia Schlössli AG,4,ZH,Psychiatriezentrum Wetzikon,Bahnhofstrasse 196,8620 Wetzikon
Clienia Schlössli AG,4,ZH,Psychiatriezentrum Uster,Schachenweg 2,8610 Uster
Clinic Bad Ragaz,1,SG,Clinic Bad Ragaz,,7310 Bad Ragaz
Clinica Dr Spinedi c/o Clinica Santa Croce SA a.c.a. sig. Luca Santagostino,1,TI,Clinica Dr. Spinedi c/o Clinica Santa Croce,Via al Parco 27,6644 Orselina
Clinica Fondazione G. Varini,1,TI,Clinica Fondazione Varini,Via Consiglio Mezzano 38,6644 Orselina
Clinica Hildebrand - Centro di riabilitazione Brissago,1,TI,Clinica Hildebrand Centro di riabilitazione,Via Crodolo 18,6614 Brissago
Clinica Holistica Engiadina SA,1,GR,Clinica Holistica Susch,Praz,7542 Susch
Clinica Luganese Moncucco SA Sede Moncucco,1,TI,Clinica Luganese Moncucco SA Sede Moncucco,Via Moncucco 10,6903 Lugano
Clinica Luganese Moncucco SA Sede San Rocco,1,TI,Clinica Luganese Moncucco SA Sede San Rocco,Via Moncucco 10,6903 Lugano
Clinica psichiatrica cantonale,1,TI,Clinica psichiatrica cantonale,Via Agostino Maspoli,6850 Mendrisio
Clinica Santa Chiara SA,1,TI,Clinica Santa Chiara SA,Via Stefano Franscini 4,6600 Locarno
Clinica Santa Croce SA,1,TI,Clinica Santa Croce SA,Via al Parco 27,6644 Orselina
Clinica Viarnetto SA,1,TI,Clinica Viarnetto SA,Via Ceresio 34 b,6963 Pregassona
Clinique Belmont,1,GE,clinique belmont,Route de Chêne 26,1207 Genève
Clinique Bois-Bougy Sàrl,1,VD,Clinique Bois-Bougy,Avenue de Bois-Bougy 5,1260 Nyon
Clinique CIC Riviera,1,VD,CIC,Rue du Lac 92,1815 Clarens
Clinique CIC Valais SA,1,VS,Clinique CIC Valais SA,route du Léman 29,1907 Saxon
Clinique de Carouge,1,GE,Clinique de Carouge,Avenue Cardinal-Mermillod 1,1227 Carouge GE
Clinique de Genolier,1,VD,Clinique de Genolier,Route du Muids 3,1272 Genolier
Clinique de la Plaine,1,GE,Clinique de la Plaine,Rue Charles-Humbert 5,1205 Genève
Clinique de La Source,1,VD,Clinique de la Source,Avenue Vinet 30,1004 Lausanne
Clinique de Maisonneuve SA,1,GE,Clinique de Maisonneuve SA,Avenue de Châtelaine 60-62,1219 Châtelaine
Clinique de Montchoisi,1,VD,Clinique de Montchoisi,Chemin des Allinges 10,1006 Lausanne
Clinique des Grangettes SA,1,GE,Clinique des Grangettes SA,Chemin des Grangettes 7,1224 Chêne-Bougeries
Clinique Générale - Ste-Anne SA,1,FR,SMN-Clinique Générale-Ste-Anne,Rue Hans-Geiler 6,1700 Fribourg
Clinique Générale-Beaulieu,1,GE,Clinique Générale Beaulieu,Chemin de Beau-Soleil 20,1206 Genève
Clinique la Colline,1,GE,Clinique La Colline,Avenue de Beau-Séjour 6,1206 Genève
Clinique la Lignière,1,VD,Clinique la Lignière,La Lignière 5,1196 Gland
Clinique la Métairie SA,1,VD,Clinique la Métairie,Avenue de Bois-Bougy 8,1260 Nyon
Clinique la Prairie SA,1,VD,Clinique La Prairie,Rue du Lac 142,1815 Clarens
Clinique le Noirmont,1,JU,Clinique Le Noirmont,Chemin de Roc-Montès 20,2340 Le Noirmont
Clinique Les Hauts d'Anières,1,GE,Clinique Les Hauts d'Anières,Chemin des Courbes 9,1247 Anières
Clinique Miremont,1,VD,Clinique Miremont,Avenue Rollier 21,1854 Leysin
Clinique romande de réadaptation SuvaCare (CRR),1,VS,Clinique romande de réadaptation,Avenue du Grand-Champsec 90,1950 Sion
Clinique Valmont,1,VD,Clinique Valmont,Route de Valmont,1823 Glion
Clinique Volta SA,1,NE,Clinique Volta SA,Rue Numa-Droz 185,2300 La Chaux-de-Fonds
Clinique du Grand-Salève Sàrl,1,GE,Clinique du Grand-Salève Sàrl,Avenue du Grand-Salève 2,1255 Veyrier
CNP Centre Neuchâtelois de psychiatrie,7,NE,CNP Site de Perreux,Site de Perreux,2017 Boudry
CNP Centre Neuchâtelois de psychiatrie,7,NE,CNP Site de Préfargier,Site de Préfargier,2074 Marin-Epagnier
CNP Centre Neuchâtelois de psychiatrie,7,NE,CNPea-ad-âa - consultation ambulatoire,Rue de la Jardinière 157a,2300 La Chaux-de-Fonds
CNP Centre Neuchâtelois de psychiatrie,7,NE,CNP ea - consultation ambulatoire,Vieux-Châtel 20,2000 Neuchâtel
CNP Centre Neuchâtelois de psychiatrie,7,NE,CNPea-ad - consultation ambulatoire,Rue de l'Hôpital 4,2108 Couvet
CNP Centre Neuchâtelois de psychiatrie,7,NE,CNP-CUP,Maladières 45,2000 Neuchâtel
CNP Centre Neuchâtelois de psychiatrie,7,NE,CNP ad-âa - consultation ambulatoire et HdJ âa,Vieux-Châtel 18,2000 Neuchâtel
EHC Ensemble hospitalier de la Côte,3,VD,Hôpital de Morges,Chemin du Crêt 2,1110 Morges
EHC Ensemble hospitalier de la Côte,3,VD,Hôpital de Gilly,Rte du Pavillon 12,1182 Gilly
EHC Ensemble hospitalier de la Côte,3,VD,Hôptial d'Aubonne,Rue de Trévelin 67,1170 Aubonne
EOC Ente ospedaliero cantonale,9,TI,Ospedale Regionale di Lugano,Via Tesserete 46,6900 Lugano
EOC Ente ospedaliero cantonale,9,TI,Ospedale Regionale San Giovanni,Via Ospedale 12,6500 Bellinzona
EOC Ente ospedaliero cantonale,9,TI,Ospedale Regionale La Carità,Via dell'Ospedale 1,6600 Locarno
EOC Ente ospedaliero cantonale,9,TI,Ospedale Regionale Beata Vergine,via Alfonso Turconi 23,6850 Mendrisio
EOC Ente ospedaliero cantonale,9,TI,Ospedale Regionale Faido,Via Ospedale 32,6760 Faido
EOC Ente ospedaliero cantonale,9,TI,Ospedale Regionale Acquarossa,Corzoneso Piano,6716 Acquarossa
EOC Ente ospedaliero cantonale,9,TI,Clinica Riabilitazione EOC Sede di Novaggio,,6986 Novaggio
EOC Ente ospedaliero cantonale,9,TI,Direzione Generale EOC,Viale Officina 3,6500 Bellinzona
EOC Ente ospedaliero cantonale,9,TI,Centrale Servizi Industriali,via Chiasso 22,6710 Biasca
Ergolz-Klinik,1,BL,Ergolz-Klinik,Hammerstrasse 35,4410 Liestal
Etablissements Hospitaliers du Nord Vaudois (eHnv),5,VD,Hôpital d'Yverdon-les-Bains,Rue d'Entremonts 11,1400 Yverdon-les-Bains
Etablissements Hospitaliers du Nord Vaudois (eHnv),5,VD,Hôpital de Saint-Loup,Route de St-Loup 13,1318 Pompaples
Etablissements Hospitaliers du Nord Vaudois (eHnv),5,VD,Hôpital de Chamblon,Route de l'Hôpital 3,1436 Chamblon
Etablissements Hospitaliers du Nord Vaudois (eHnv),5,VD,Hôpital d'Orbe,Chemin de la Magnenette 2,1350 Orbe
Etablissements Hospitaliers du Nord Vaudois (eHnv),5,VD,Hôpital de La Vallée,Rue de l'Hôpital 3,1347 Le Sentier
Eulachklinik AG,1,ZH,Eulachklinik AG,Brunngasse 6,8400 Winterthur
Felix Platter-Spital,2,BS,Felix Platter-Spital,Burgfelderstrasse 101,4055 Basel
Felix Platter-Spital,2,BS,Universitätsspital,Hebelstrasse 32,4056 Basel
Flury Stiftung Spital Schiers,1,GR,Flury Stiftung Spital Schiers,,7220 Schiers
Fondation Rive-Neuve Unité de Soins Palliatifs,1,VD,Fondation Rive-Neuve,Chemin des Cuarroz 57,1807 Blonay
Forel Klinik AG,3,ZH,Forel Klinik AG stationär,Islikonerstrasse 5,8548 Ellikon an der Thur
Forel Klinik AG,3,ZH,Forel Klinik AG Ambulatorium,Tödistrasse 46,8002 Zürich
Forel Klinik AG,3,ZH,Forel Klinik AG Tagesklinik,Sihlquai 255,8005 Zürich
Fürsorgeverein Bethesda,1,BE,Klinik Bethesda,,3233 Tschugg
Geburtshaus ambra GmbH,1,BL,Geburtshaus ambra GmbH,Unterdorfstrasse 25,4443 Wittinsburg
Geburtshaus Basel,1,BS,Geburtshaus Basel,Schweizergasse 8,4054 Basel
Geburtshaus Delphys,1,ZH,Geburtshaus Delphys,Badenerstrasse 177,8003 Zürich
Geburtshaus Luna AG,2,BE,Geburtshaus Luna Bern,Oberdorfstrasse 56,3072 Ostermundigen
Geburtshaus Luna AG,2,BE,Geburtshaus Luna Bern Ambulatorium,Elfenaustrasse 8,2502 Biel/Bienne
Geburtshaus Maternité Alpine,1,BE,Geburtshaus Maternité Alpine,Eggetlistrasse 5a,3770 Zweisimmen
Geburtshaus Stans,1,NW,Geburtshaus Stans,Rosenweg 3,6370 Stans
Geburtshaus Tagmond GmbH,1,BL,Geburtshaus Tagmond,Hauptstrasse 26,4133 Pratteln
Geburtshaus Terra Alta,1,LU,Terra Alta,Schellenrain 20,6208 Oberkirch LU
Geburtshaus Zürcher Oberland AG,1,ZH,Geburtshaus Zürcher Oberland  AG,Schürlistrasse 3,8344 Bäretswil
Geburtshus Storchenäscht AG,1,AG,Geburtshus Storchenäscht,Hendschikerstrasse 12,5504 Othmarsingen
Geriatrische Klinik St. Gallen,1,SG,Geriatrische Klinik St.Gallen,Rorschacher Strasse 94,9000 St. Gallen
Gesundheitszentrum Fricktal,3,AG,"GZF, Spital Rheinfelden",Riburgerstrasse 12,4310 Rheinfelden
Gesundheitszentrum Fricktal,3,AG,"GZF, Spital Laufenburg",Spitalstrasse 10,5080 Laufenburg
Gesundheitszentrum Fricktal,3,AG,"GZF, Fachärztehaus Frick",Mühlegasse 18,5070 Frick
Groupement Hospitalier de l'Ouest Lémanique (GHOL) SA,2,VD,Hôpital de Nyon,Chemin Monastier 10,1260 Nyon
Groupement Hospitalier de l'Ouest Lémanique (GHOL) SA,2,VD,Hôpital de Rolle,Route de l'Hôpital 26,1180 Rolle
GZO Spital Wetzikon,1,ZH,GZO Spital Wetzikon,Spitalstrasse 66,8620 Wetzikon ZH
Herz-Neuro-Zentrum Bodensee AG,1,TG,HNZB Kreuzlingen,Weinbergstrasse 1,8280 Kreuzlingen
HFR - Hôpital fribourgeois,5,FR,HFR Fribourg - HC,Chemin des Pensionnats 2,1700 Fribourg
HFR - Hôpital fribourgeois,5,FR,HFR Billens,Route de l'Hôpital 1,1681 Billens
HFR - Hôpital fribourgeois,5,FR,HFR Meyriez-Murten,Spitalweg 36,3280 Murten
HFR - Hôpital fribourgeois,5,FR,HFR Riaz,Rue de l'Hôpital 39,1632 Riaz
HFR - Hôpital fribourgeois,5,FR,HFR Tafers,Maggenberg 1,1712 Tafers
Hirslanden Bern AG,5,BE,Klinik Beau-Site,Schänzlihalde 11,3013 Bern
Hirslanden Bern AG,5,BE,Salem-Spital,Schänzlistrasse 39,3013 Bern
Hirslanden Bern AG,5,BE,Klinik Permanence,Bümplizstrasse 83,3018 Bern
Hirslanden Bern AG,5,BE,Praxiszentrum am Bahnhof,Parkterrasse 10,3012 Bern
Hirslanden Bern AG,5,BE,Zentrale Bereiche,Nordring 4,3013 Bern
Hirslanden Klinik Aarau,1,AG,Hirslanden Klinik Aarau,Schänisweg 1,5001 Aarau
Hirslanden Klinik Am Rosenberg AG,1,AR,Heiden,Hasenbühlstrasse 11,9410 Heiden
Hirslanden Klinik Belair,2,SH,Hirslanden Klinik Belair,Rietstrasse 30,8200 Schaffhausen
Hirslanden Klinik Belair,2,SH,Praxiszentrum am Bahnhof,Bleicheplatz 3,8200 Schaffhausen
Hirslanden Klinik Birshof,1,BL,Hirslanden Klinik Birshof,Reinacherstrasse 28,4142 Münchenstein
Hirslanden Klinik Linde AG,1,BE,Hirslanden Klinik Linde,Blumenrain 105,2503 Biel/Bienne
Hirslanden Klinik St. Anna AG,2,LU,Hirslanden Klinik St. Anna AG,St. Anna-Strasse 32,6006 Luzern
Hirslanden Klinik St. Anna AG,2,LU,St. Anna im Bahnhof,Zentralstrasse 1,6003 Luzern
Hirslanden Klinik St. Anna AG Hirslanden Klinik Meggen,1,LU,Hirslanden Klinik Meggen,Huobmattstrasse 9,6045 Meggen
Hirslanden Klinik Stephanshorn,1,SG,Hirslanden Klinik Stephanshorn,Brauerstrasse 95,9016 St. Gallen
Hirslanden Lausanne SA,2,VD,Clinique Bois-Cerf,Avenue d'Ouchy 31,1006 Lausanne
Hirslanden Lausanne SA,2,VD,Clinique Cecil,Avenue Louis-Ruchonnet 53,1003 Lausanne
Hochgebirgsklinik Davos AG,1,GR,Hochgebirgsklinik Davos,Herman-Burchard-Strasse 1,7265 Davos Wolfgang
Hof Weissbad AG Nachbehandlungs-Zentrum,1,AI,Hof Weissbad AG,Im Park 1,9057 Weissbad
Hôpital de la Tour,1,GE,Hôpital de La Tour,Avenue Jacob-Daniel Maillard 3,1217 Meyrin
Hôpital de Lavaux,1,VD,Hôpital de Lavaux,Chemin des Colombaires 31,1096 Cully
Hôpital du Jura,4,JU,Site de Delémont,Fbg des Capucins 30,2800 Delémont
Hôpital du Jura,4,JU,Site de Porrentruy,Chemin de l'Hôpital 9a,2900 Porrentruy
Hôpital du Jura,4,JU,Site de Saignelégier,Rue de l'Hôpital 11,2350 Saignelégier
Hôpital du Jura,4,JU,Résidence La Promenade,Rue de l'Hôpital 58,2800 Delémont
Hôpital du Jura bernois SA,9,BE,Hôpital de St-Imier,Les Fontenayes 17,2610 St-Imier
Hôpital du Jura bernois SA,9,BE,Hôpital de Moutier,Rue Beausite 49,2740 Moutier
Hôpital du Jura bernois SA,9,BE,Clinique de Bellelay,L'Abbaye 2,2713 Bellelay
Hôpital du Jura bernois SA,9,BE,Unité de St-Imier,Rue du Midi 9,2610 St-Imier
Hôpital du Jura bernois SA,9,BE,"Clinque de jour, Bévilard",Champ de Chin 18,2735 Bévilard
Hôpital du Jura bernois SA,9,BE,Unité du Fuet,,2712 Le Fuet
Hôpital du Jura bernois SA,9,BE,Unité de Moutier (UHPA),Beausite 47,2740 Moutier
Hôpital du Jura bernois SA,9,BE,Services ambulatoires Bienne,Pont-du-Moulin 14,2502 Biel/Bienne
Hôpital du Jura bernois SA,9,BE,Clinique de jour Bienne,Lischenweg 2,2503 Biel/Bienne
Hôpital du Pays d'Enhaut,1,VD,Hôpital du Pays d'Enhaut,Route de l'Hôpital 17,1660 Château-d'Oex
Hôpital du Valais - Centre hospitalier du centre du Valais (CHCVs),6,VS,Hôpital de Sierre,Rue St-Charles 14,3960 Sierre
Hôpital du Valais - Centre hospitalier du centre du Valais (CHCVs),6,VS,Centre Valaisan de Pneumologie,Route de la Moubra 87,3963 Crans-Montana
Hôpital du Valais - Centre hospitalier du centre du Valais (CHCVs),6,VS,Hôpital de Sion Champsec,Av. du Grand-Champsec 80,1951 Sion
Hôpital du Valais - Centre hospitalier du centre du Valais (CHCVs),6,VS,Hôpital de Martigny,Av. de la Fusion 27 Case postale,1920 Martigny
Hôpital du Valais - Centre hospitalier du centre du Valais (CHCVs),6,VS,Sion - Admin.CHCVs,Av. du Grand-Champsec 80,1951 Sion
Hôpital du Valais - Centre hospitalier du centre du Valais (CHCVs),6,VS,Martigny - admin.CHCVs,Av. de la Fusion 27 Case postale,1920 Martigny
Hôpital du Valais - Centre hospitalier du Chablais (CHC),2,VS,Clinique St-Amé,Vers Saint-Amé 10,1890 St-Maurice
Hôpital du Valais - Centre hospitalier du Chablais (CHC),2,VS,Hôpital de Malévoz - IPVR,Route de Morgins 10,1870 Monthey
Hôpital Intercantonal de la Broye (HIB),2,VD,Payerne,Avenue de la Colline 3,1530 Payerne
Hôpital Intercantonal de la Broye (HIB),2,FR,Estavayer-le-Lac,Rue de la Rochette,1470 Estavayer-le-Lac
Hôpital Jules Daler,1,FR,Daler,Route de Bertigny 34,1700 Fribourg
Hôpital Neuchâtelois HNE,6,NE,La Chaux-de-Fonds,Chasseral 20,2300 La Chaux-de-Fonds
Hôpital Neuchâtelois HNE,6,NE,Pourtalès,Maladière 45,2002 Neuchâtel
Hôpital Neuchâtelois HNE,6,NE,Val-de-Travers,Rue de l'Hôpital 4,2107 Couvet
Hôpital Neuchâtelois HNE,6,NE,Val-de-Ruz,Route de Landeyeux,2046 Fontaines
Hôpital Neuchâtelois HNE,6,NE,Le Locle,Bellevue 42,2400 Le Locle
Hôpital Neuchâtelois HNE,6,NE,Chrysalide,Rue de la Paix 99,2300 La Chaux-de-Fonds
Hôpital Ophtalmique Jules Gonin Fondation Asile des Aveugles,1,VD,Hôpital ophtalmique Jules-Gonin,Avenue de France 15,1004 Lausanne
Hôpital Riviera-Chablais Vaud-Valais,6,VD,Montreux,Avenue de Belmont 25,1820 Montreux
Hôpital Riviera-Chablais Vaud-Valais,6,VD,Samaritain,Boulevard Paderewski 3,1800 Vevey
Hôpital Riviera-Chablais Vaud-Valais,6,VD,Providence,Avenue de la Prairie 3,1800 Vevey
Hôpital Riviera-Chablais Vaud-Valais,6,VD,Mottex,Chemin de Mottex 25,1807 Blonay
Hôpital Riviera-Chablais Vaud-Valais,6,VS,Monthey,Route de Morgins,1870 Monthey
Hôpital Riviera-Chablais Vaud-Valais,6,VD,Aigle,Chemin du Grand-Chêne 1,1860 Aigle
Hospiz im Park,1,BL,Hospiz im Park,Stollenrain 12,4144 Arlesheim
Insel Gruppe AG (nicht-universitär),5,BE,Spital Tiefenau,Tiefenaustrasse 112,3004 Bern
Insel Gruppe AG (nicht-universitär),5,BE,Spital Aarberg,Lyssstrasse 31,3270 Aarberg
Insel Gruppe AG (nicht-universitär),5,BE,Spital Belp,Seftigenstrasse 89/91,3123 Belp
Insel Gruppe AG (nicht-universitär),5,BE,Spital Münsingen,Krankenhausweg 18/20,3110 Münsingen
Insel Gruppe AG (nicht-universitär),5,BE,Spital Riggisberg,Eyweg 2,3132 Riggisberg
Insel Gruppe AG (universitär),1,BE,Inselspital,Freiburgstrasse 18,3010 Bern
Institution de Lavigny,1,VD,Institution de Lavigny,route du Vignoble 60,1175 Lavigny
Integrierte Psychiatrie Winterthur IPW,13,ZH,ipw Winterthur,Wieshofstrasse 102,8408 Winterthur
Integrierte Psychiatrie Winterthur IPW,13,ZH,ipw Embrach,Römerweg 51,8424 Embrach
Integrierte Psychiatrie Winterthur IPW,13,ZH,ipw Bülach,Gartematt 6,8180 Bülach
Integrierte Psychiatrie Winterthur IPW,13,ZH,ipw Dielsdorf,Brunnwiesenstrasse 8,8157 Dielsdorf
Integrierte Psychiatrie Winterthur IPW,13,ZH,ipw ISW,Tösstalstrasse 19 und 53,8400 Winterthur
Integrierte Psychiatrie Winterthur IPW,13,ZH,ipw KIZ_Wi,Bleichestrasse 9,8400 Winterthur
Integrierte Psychiatrie Winterthur IPW,13,ZH,ipw GAT_Wi,Salstrasse 48,8400 Winterthur
Integrierte Psychiatrie Winterthur IPW,13,ZH,ipw GEZ_Wi,Rudolfstrasse 19,8400 Winterthur
Integrierte Psychiatrie Winterthur IPW,13,ZH,ipw BSJ_Wi,Trollstrasse 18,8400 Winterthur
Integrierte Psychiatrie Winterthur IPW,13,ZH,ipw CM_Wi,Schlachthofstrasse 19a,8406 Winterthur
Integrierte Psychiatrie Winterthur IPW,13,ZH,ipw PP_Wi,Haldenstrasse 63,8400 Winterthur
Integrierte Psychiatrie Winterthur IPW,13,ZH,ipw AFT_Wi,Technikumstrasse 81,8400 Winterthur
Integrierte Psychiatrie Winterthur IPW,13,ZH,ipw Glattbrugg,Feldeggstrasse 5,8152 Glattbrugg
Ita Wegman Geburtshaus,1,BL,Ita Wegman Geburtshaus,Pfeffingerweg 1,4144 Arlesheim
Kantonales Spital Appenzell,1,AI,Kantonales Spital Appenzell,Sonnhalde 2,9050 Appenzell
Kantonsspital Aarau AG,1,AG,Kantonsspital Aarau AG,Tellstrasse 15,5001 Aarau
Kantonsspital Baden AG,4,AG,Im Ergel 1,Im Ergel 1,5404 Baden
Kantonsspital Baden AG,4,AG,Med. Zentrum Brugg,Fröhlichstrasse 7,5200 Brugg
Kantonsspital Baden AG,4,AG,"Spital Muri, Dialyse",Spitalstrasse 144,5630 Muri AG
Kantonsspital Baden AG,4,ZH,Ärztezentrum Limmatfeld,Heimstrasse 1,8953 Dietikon
Kantonsspital Baselland,3,BL,Liestal,Mühlemattstrasse 26,4410 Liestal
Kantonsspital Baselland,3,BL,Bruderholz,,4101 Bruderholz
Kantonsspital Baselland,3,BL,Laufen,Lochbruggstrasse 39,4242 Laufen
Kantonsspital Glarus,2,GL,Kantonsspital Glarus Akutsomatik,Burgstrasse 99,8750 Glarus
Kantonsspital Glarus,2,GL,Kantonsspital Glarus Psychiatrie,Burgstrasse 99,8750 Glarus
Kantonsspital Graubünden,1,GR,Kantonsspital Graubünden,Loestrasse 170,7000 Chur
Kantonsspital Nidwalden,1,NW,Kantonsspital Nidwalden,Ennetmooserstrasse 19,6370 Stans
Kantonsspital Obwalden,1,OW,Kantonsspital Obwalden,Brünigstrasse 181,6060 Sarnen
Kantonsspital St. Gallen,3,SG,Kantonsspital St. Gallen,Rorschacher Strasse 95,9007 St. Gallen
Kantonsspital St. Gallen,3,SG,Spital Rorschach,Heidener Strasse 11,9400 Rorschach
Kantonsspital St. Gallen,3,SG,Spital Flawil,Krankenhausstrasse 23,9230 Flawil
Kantonsspital Uri,1,UR,Kantonsspital Uri,Spitalstrasse 1,6460 Altdorf UR
Kantonsspital Winterthur,3,ZH,Kantonsspital Winterthur,Brauerstrasse 15,8400 Winterthur
Kantonsspital Winterthur,3,ZH,Fachärztezentrum Glatt,Neue Winterthurerstrasse 99,8304 Wallisellen
Kantonsspital Winterthur,3,ZH,KSW-Radiologie WIN4,Grüzefeldstrasse 32,8400 Winterthur
"Kinder- & Jugendpsychiatrie Graubünden, Jugendstation Chur",1,GR,KJP Jugendstation,Waisenhausstrasse 1,7000 Chur
Klinik Aadorf AG Klinische Psychotherapie,1,TG,Privatklinik Aadorf,Fohrenbergstrasse 23,8355 Aadorf
Klinik Adelheid AG,1,ZG,Klinik Adelheid AG,Höhenweg 71,6314 Unterägeri
Klinik Arlesheim AG,2,BL,Klinik Arlesheim AG,Pfeffingerweg 1,4144 Arlesheim
Klinik Arlesheim AG,2,BS,Ita Wegman Ambulatorium,Viaduktstrasse 12,4051 Basel
Klinik Barmelweid AG,2,AG,Klinik Barmelweid,,5017 Barmelweid
Klinik Barmelweid AG,2,AG,Ambulatorium Barmelweid c/o Medizinisches Zentrum,Fröhlichstrasse 7,5200 Brugg
Klinik ESTA,2,BL,"Klinik ESTA, Entzug",Gstadstrasse 42,4153 Reinach BL
Klinik ESTA,2,BL,"Klinik ESTA, Therapie",Gstadstrasse 42,4153 Reinach BL
Klinik für Schlafmedizin,1,AG,Klinik für Schlafmedizin,Badstrasse 33,5330 Bad Zurzach
Klinik für Suchttherapie Drogenentzug / Übergang / Krisenintervention,3,AG,Klinik für Suchttherapie,Zürcherstrasse 52,5432 Neuenhof
Klinik für Suchttherapie Drogenentzug / Übergang / Krisenintervention,3,AG,Klinik für Suchttherapie,Hutmattenweg 11,5704 Egliswil
Klinik für Suchttherapie Drogenentzug / Übergang / Krisenintervention,3,AG,Klinik für Suchttherapie,Steinlerweg 12,5702 Niederlenz
"Klinik Gais AG Kardiale Rehabilitation, Psychosomatik und Psychotherapie",1,AR,Klinik Gais AG,Gäbrisstrasse 1172,9056 Gais
Klinik Gut St. Moritz AG,2,GR,Klinik Gut St. Moritz,Via Arona 34,7500 St. Moritz
Klinik Gut St. Moritz AG,2,GR,Klinik Gut Fläsch,Steigstrasse 12,7306 Fläsch
Klinik Hirslanden AG,2,ZH,Klinik Hirslanden AG,Witellikerstrasse 40,8032 Zürich
Klinik Hirslanden AG,2,ZH,RTH Hirslanden Männedorf,Bergstrasse 4,8708 Männedorf
Klinik Hohmad AG,1,BE,Klinik Hohmad,Hohmadstrasse 1,3600 Thun
Klinik Im Hasel AG,2,AG,Klinik Im Hasel,Hasel 837,5728 Gontenschwil
Klinik Im Hasel AG,2,AG,Ambulatorium + Tagesklinik Lenzburg,Niederlenzer Kirchweg 1,5600 Lenzburg
Klinik Im Park,2,ZH,Klinik Im Park,Seestrasse 220,8002 Zürich
Klinik Im Park,2,ZH,Radiologie und Neurorad. Schanze,Talstrasse 65,8001 Zürich
Klinik Lengg AG,1,ZH,Klinik Lengg AG,Bleulerstrasse 60,8008 Zürich
Klinik Meissenberg AG,2,ZG,Klinik Meissenberg AG,Meisenbergstrasse 17,6301 Zug
Klinik Meissenberg AG,2,AG,Praxis Bad Schwanen,Badstrasse 16,5408 Ennetbaden
Klinik Pyramide am See AG,1,ZH,Klinik Pyramide am See,Bellerivestrasse 34,8008 Zürich
Klinik Schloss Mammern AG,1,TG,Klinik Schloss Mammern,Dr. A.O. Fleisch-Strasse 3,8265 Mammern
Klinik Schönberg AG,1,BE,Klinik Schönberg,Schönbergstrasse 40,3654 Gunten
Klinik Seeschau AG,1,TG,Seeschau Kreuzlingen,Bernrainstrasse 17,8280 Kreuzlingen
Klinik Sonnenhalde,3,BS,"Klinik Sonnenhalde, Riehen",Gänshaldenweg 22,4125 Riehen
Klinik Sonnenhalde,3,BS,"Klinik Sonnenhalde, Basel",Habsburgerstrasse 15,4055 Basel
Klinik Sonnenhalde,3,BL,"Klinik Sonnenhalde, Reinach",Bruggstrasse 12,4153 Reinach BL
Klinik Sonnenhof Kinder- & Jugendpsychiatrisches Zentrum,1,SG,Klinik Sonnenhof,Sonnenhofstrasse 15,9608 Ganterschwil
Klinik St. Georg Goldach AG,1,SG,Goldach,Klosterstrasse 19,9403 Goldach
Klinik Susenberg,1,ZH,Klinik Susenberg,Schreberweg 9,8044 Zürich
Klinik Tiefenbrunnen AG,1,ZH,Klinik Tiefenbrunnen,Dammstrasse 29,8702 Zollikon
Klinik Wysshölzli Marie Sollberger-Stiftung,1,BE,Klinik Wysshölzli,Waldrandweg 19,3360 Herzogenbuchsee
Kliniken Valens,3,SG,Reha-Zentrum Valens,Taminaplatz 1,7317 Valens
Kliniken Valens,3,SG,Reha-Zentrum Walenstadtberg,Chnoblisbüel 1,8881 Walenstadtberg
Kliniken Valens,3,GR,Ambulante Reha Chur c/o Kantonsspital Graubünden,Loestrasse 99,7000 Chur
kneipp-hof Dussnang AG Rehabilitationsklinik,1,TG,Rehaklinik Dussnang AG,Kurhausstrasse 34,8374 Dussnang
Kreisspital für das Freiamt,1,AG,Kreisspital für das Freiamt,Spitalstrasse 144,5630 Muri AG
Kurklinik Eden AG,1,BE,Klinik Eden,Panoramastrasse 20,3854 Oberried am Brienzersee
Les Hôpitaux Universitaires de Genève HUG,5,GE,HUG - Soins aigus,Rue Gabrielle-Perret-Gentil 4,1205 Genève
Les Hôpitaux Universitaires de Genève HUG,5,GE,HUG - Soins psychiatriques,Rue Gabrielle-Perret-Gentil 4,1205 Genève
Les Hôpitaux Universitaires de Genève HUG,5,GE,HUG - Soins subaigus et continus,Rue Gabrielle-Perret-Gentil 4,1205 Genève
Les Hôpitaux Universitaires de Genève HUG,5,VS,HUG - Clinique de Crans-Montana Soins subaigus et continus,Impasse Clairmont 2,3963 Crans-Montana
Les Hôpitaux Universitaires de Genève HUG,5,GE,HUG - Clinique de Joli-Mont - Soins subaigus et continus,Av. Jean-Trembley 45,1209 Genève
Leukerbad Clinic RZL Rehabilitationszentrum Leukerbad AG,1,VS,Leukerbad Clinic,Willy-Spühlerstrasse 2,3954 Leukerbad
Limmatklinik AG,1,ZH,Limmatklinik AG,Hardturmstrasse 133,8005 Zürich
Lindenhof AG,4,BE,Lindenhofspital,Bremgartenstrasse 117,3012 Bern
Lindenhof AG,4,BE,Sonnenhofspital,Buchserstrasse 30,3006 Bern
Lindenhof AG,4,BE,Engeriedspital,Riedweg 15,3012 Bern
Lindenhof AG,4,BE,Verwaltungsstandort,Muristrasse 12,3006 Bern
Luzerner Höhenklinik Montana,1,VS,Luzerner Höhenklinik Montana,Route de l'Astoria 2,3963 Crans-Montana
Luzerner Kantonsspital,6,LU,LUKS Luzern,Spitalstrasse,6000 Luzern 16
Luzerner Kantonsspital,6,LU,LUKS Sursee,Spitalstrasse 16A,6210 Sursee
Luzerner Kantonsspital,6,LU,LUKS Wolhusen,Spitalstrasse,6110 Wolhusen
Luzerner Kantonsspital,6,LU,Hebammenpraxis am Grendel,Grendel 15,6004 Luzern
Luzerner Kantonsspital,6,ZG,Augenpraxis Baar,Bahnhofstrasse 14,6340 Baar
Luzerner Kantonsspital,6,ZG,Radio-Onkologie am Zuger Kantonsspital,Landhausstrasse 11,6340 Baar
Luzerner Psychiatrie,23,LU,Klinik St. Urban,Schafmattstrasse 1,4915 St. Urban
Luzerner Psychiatrie,23,LU,Klinik Luzern,Areal Kantonsspital 11 Spitalstr,6000 Luzern 16
Luzerner Psychiatrie,23,LU,Jugendpsychiatrische Th.station,Fenkernstrasse 15,6010 Kriens
Luzerner Psychiatrie,23,LU,Kinderpsychiatrische Th.station,Fenkernstrasse 15,6010 Kriens
Luzerner Psychiatrie,23,LU,Tagesklinik Luzern,Areal Kantonsspital 11 Spitalstr,6000 Luzern 16
Luzerner Psychiatrie,23,LU,Drop-in,Bruchstrasse 29a,6007 Luzern
Luzerner Psychiatrie,23,LU,Ambulatorium Luzern,Löwengraben 20,6004 Luzern
Luzerner Psychiatrie,23,OW,Klinik Sarnen  (Station A),Brünigstrasse 183,6060 Sarnen
Luzerner Psychiatrie,23,LU,KJPD-Ambulatorium Luzern,Kantonsspital 13,6000 Luzern 16
Luzerner Psychiatrie,23,LU,Forensischer Dienst,Hobacherweg 2,6010 Kriens
Luzerner Psychiatrie,23,LU,GiA Luzern,Voltastrasse 42,6005 Luzern
Luzerner Psychiatrie,23,LU,Ambulatorium Wolhusen,Gütsch 1 Josefshaus,6110 Wolhusen
Luzerner Psychiatrie,23,OW,Tagesklinik Sarnen (Station I),Brünigstrasse 183,6060 Sarnen
Luzerner Psychiatrie,23,LU,KJPD-Ambulatorium Wolhusen,Gütsch 1 Josefshaus,6110 Wolhusen
Luzerner Psychiatrie,23,LU,Tagesklinik Sursee,Surentalstrasse 10,6210 Sursee
Luzerner Psychiatrie,23,LU,Ambulatorium Sursee,Surentalstrasse 10,6210 Sursee
Luzerner Psychiatrie,23,LU,KJPD-Ambulatorium Sursee,Surentalstrasse 10,6210 Sursee
Luzerner Psychiatrie,23,LU,GiA Sursee,Surentalstrasse 10,6210 Sursee
Luzerner Psychiatrie,23,LU,Memory Clinic Zentralschweiz,Surentalstrasse 10,6210 Sursee
Luzerner Psychiatrie,23,LU,Ambulatorium Hochdorf,Brauiplatz 8,6280 Hochdorf
Luzerner Psychiatrie,23,LU,KJPD-Ambulatorium Hochdorf,Brauiplatz 8,6280 Hochdorf
Luzerner Psychiatrie,23,OW,Ambulatorium Sarnen,Brünigstrasse 183,6060 Sarnen
Luzerner Psychiatrie,23,OW,KJPD-Ambulatorium Sarnen,Brünigstrasse 183,6060 Sarnen
Maison de naissance La Roseraie,1,GE,Maison de naissance La Roseraie,Chemin du Châtelet 3,1205 Genève
Maison de Naissance le Petit Prince,1,FR,Le Petit Prince,Route du Petit-Moncor 1d,1752 Villars-sur-Glâne
Maison de naissance Les Cigognes,1,JU,Maison de naissance Les Cigognes,Route Principale 21,2824 Vicques
Maison de Naissance Tilia Sàrl,1,NE,Maison de Naissance Tilia Sàrl,Chemin des Valangines 9,2000 Neuchâtel
Merian Iselin Klinik,1,BS,Merian Iselin Klinik,Föhrenstrasse 2,4054 Basel
Modellstation SOMOSA,1,ZH,Modellstation SOMOSA,Zum Park 20,8404 Winterthur
Nouvelle Clinique Vert-Pré,1,GE,NCVP Conches,Chemin de la Colombe 15,1231 Conches
Oberwaid AG Kurhotel & Privatklinik,1,SG,Privatklinik Oberwaid,Rorschacher Strasse 311,9016 St. Gallen
Ospedale Malcantonese Fondazione Giuseppe Rossi,1,TI,Ospedale Malcantonese Fondazione Giuseppe Rossi,,6980 Castelrotto
Pallas Kliniken AG,1,SO,Pallas Kliniken AG,Louis-Giroud-Strasse 20,4600 Olten
Palliativzentrum Hildegard,1,BS,Palliativzentrum Hildegard,St. Alban-Ring 151,4052 Basel
Paracelsus-Spital Richterswil AG,1,ZH,Paracelsus-Spital Richterswil,Bergstrasse 16,8805 Richterswil
Praxisklinik Rennbahn AG,1,BL,Praxisklinik Rennbahn,Kriegackerstrasse 100,4132 Muttenz
Privatklinik Bethanien - GSMN Schweiz AG,1,ZH,Privatklinik Bethanien,Toblerstrasse 51,8044 Zürich
Privatklinik Hohenegg AG,2,ZH,Privatklinik Hohenegg AG,Hohenegg 1,8706 Meilen
Privatklinik Hohenegg AG,2,ZH,Ambulantes Zentrum,Sonneggstrasse 45,8006 Zürich
Privatklinik Lindberg - GSMN Schweiz AG,1,ZH,Privatklinik Lindberg,Schickstrasse 11,8400 Winterthur
Privatklinik Reichenbach bei Meiringen AG,3,BE,Privatklinik Meiringen,Willigen,3860 Meiringen
Privatklinik Reichenbach bei Meiringen AG,3,BE,Station Hasliberg,Hohfluh,6083 Hasliberg
Privatklinik Reichenbach bei Meiringen AG,3,BE,Ambulatorium Bern,Bubenbergplatz 10,3011 Bern
Privatklinik SALINA Salina Medizin AG,6,AG,Salina Rehaklinik,Roberstenstrasse 31,4310 Rheinfelden
Privatklinik SALINA Salina Medizin AG,6,AG,Physiotherapie Salina B15,Baslerstrasse 15,4310 Rheinfelden
Privatklinik SALINA Salina Medizin AG,6,AG,Möhlin,Bachstrasse 10,4313 Möhlin
Privatklinik SALINA Salina Medizin AG,6,AG,Stein,Schaffhauserstr. 33,4332 Stein
Privatklinik SALINA Salina Medizin AG,6,AG,Physiotherapie Eiken,Rössliweg 15b,5074 Eiken
Privatklinik SALINA Salina Medizin AG,6,AG,Frick,Mühlegasse 18,5070 Frick
Privatklinik Wyss AG,3,BE,Privat Klinik Wyss,Fellenbergstrasse 32,3053 Münchenbuchsee
Privatklinik Wyss AG,3,BE,Ambulatorium Linde,Dählenweg 6,2503 Biel/Bienne
Privatklinik Wyss AG,3,BE,Ambulatorium und Station Bern (PSOMA),Bremgartenstrasse 117,3001 Bern
Psychiatrie Baselland,11,BL,Klinik Psychiatrie/Psychotherap.,Bienentalstrasse 7,4410 Liestal
Psychiatrie Baselland,11,BL,KJP Poliklinik Bruderholz,,4101 Bruderholz
Psychiatrie Baselland,11,BL,KJP Poliklinik Liestal,Goldbrunnenstrasse 14,4410 Liestal
Psychiatrie Baselland,11,BL,KJP Poliklinik Laufen,Im Grossen Grien 6,4242 Laufen
Psychiatrie Baselland,11,BL,KJP Psychotherapiestation,Goldbrunnenstrasse 14,4410 Liestal
Psychiatrie Baselland,11,BL,Ambulatorium Bruderholz,,4101 Bruderholz
Psychiatrie Baselland,11,BL,Ambulatorium/Tageskl. Liestal,Spitalstrasse 1,4410 Liestal
Psychiatrie Baselland,11,BL,Ambulatorium/Tageskl. Münchenst.,Emil Frey-Strasse 55,4142 Münchenstein
Psychiatrie Baselland,11,BL,ZfA Ambulatorium Liestal,Wiedenhubstrasse 55,4410 Liestal
Psychiatrie Baselland,11,BL,ZfA Ambulatorium Reinach,Baselstrasse 1,4153 Reinach BL
Psychiatrie Baselland,11,BL,ZfA Ambulatorium Münchenstein,Barcelona-Strasse 15,4142 Münchenstein
Psychiatrie St.Gallen Nord,4,SG,Psychiatrische Klinik Wil,Zürcherstrasse 30,9501 Wil SG
Psychiatrie St.Gallen Nord,4,SG,PZ St. Gallen,Teufenerstrasse 26,9001 St.Gallen
Psychiatrie St.Gallen Nord,4,SG,PZ Rorschach,Mariabergstrasse 19,9401 Rorschach
Psychiatrie St.Gallen Nord,4,SG,PZ Wattwil,Hembergerstrasse 22,9630 Wattwil
Psychiatrie-Dienste Süd,5,SG,Klinik St. Pirminsberg,Klosterweg,7312 Pfäfers
Psychiatrie-Dienste Süd,5,SG,PZ Rheintal,Balgacherstrasse 202,9435 Heerbrugg
Psychiatrie-Dienste Süd,5,SG,PZ Werdenberg-Sarganserland,Hauptstrasse 27,9477 Trübbach
Psychiatrie-Dienste Süd,5,SG,PZ Linthgebiet Standort Uznach,Zürcherstrasse 1,8730 Uznach
Psychiatrie-Dienste Süd,5,SG,PZ Linthgebiet Standort Rapperswil,Alpenstrasse 2,8640 Rapperswil
Psychiatrische Dienste Aargau AG,12,AG,Psychiatrische Dienste Aargau AG,Zürcherstrasse 241,5210 Windisch
Psychiatrische Dienste Aargau AG,12,AG,Tageszentrum Aarau,Landhausweg 22,5000 Aarau
Psychiatrische Dienste Aargau AG,12,AG,Ambulatorium Aarau,Bleichemattstrasse 16,5000 Aarau
Psychiatrische Dienste Aargau AG,12,AG,Ambulatorium Wohlen,Bahnhofstrasse 6,5610 Wohlen
Psychiatrische Dienste Aargau AG,12,AG,Tagesklinik Aarau,Bleichemattstrasse 9,5000 Aarau
Psychiatrische Dienste Aargau AG,12,AG,TK & TZ Baden,St. Ursusstrasse 3,5400 Baden
Psychiatrische Dienste Aargau AG,12,AG,Tageszentrum Wohlen,Bahnhofweg 17,5610 Wohlen
Psychiatrische Dienste Aargau AG,12,AG,Ambulatorium Baden,Haselstrasse 1,5400 Baden
Psychiatrische Dienste Aargau AG,12,AG,Ambulatorium Rheinfelden,Bahnhofstrasse 21,4310 Rheinfelden
Psychiatrische Dienste Aargau AG,12,AG,Memory Clinic,Schanzweg 7,5000 Aarau
Psychiatrische Dienste Aargau AG,12,AG,Amb. für Kinder- u. Jugendpsych. Freiamt,Zentralstrasse 20,5610 Wohlen
Psychiatrische Dienste Aargau AG,12,AG,Memory Clinic,Husmatt 1,5405 Baden-Dättwil
Psychiatrische Dienste Graubünden,6,GR,PDGR Klinik Waldhaus,Loestrasse 220,7000 Chur
Psychiatrische Dienste Graubünden,6,GR,PDGR Klinik Beverin,,7408 Cazis
Psychiatrische Dienste Graubünden,6,GR,PDGR Prättigau / Davos,,7270 Davos Platz
Psychiatrische Dienste Graubünden,6,GR,PDGR Surselva,,7130 Ilanz
Psychiatrische Dienste Graubünden,6,GR,PDGR Engadin / Südtäler,,7500 St. Moritz
Psychiatrische Dienste Graubünden,6,GL,PDGR Tagesklinik Glarus,,8750 Glarus
Psychiatrische Universitätsklinik Zürich,20,ZH,PUK Zürich Lenggstrasse,Lenggstrasse 31,8032 Zürich
Psychiatrische Universitätsklinik Zürich,20,ZH,ZSP Militärstrasse,Militärstrasse 8,8004 Zürich
Psychiatrische Universitätsklinik Zürich,20,ZH,ZSP Ambi / TZ Heliostrasse,Heliosstrasse 32,8032 Zürich
Psychiatrische Universitätsklinik Zürich,20,ZH,KAP Hegibach,Minervastrasse 145,8032 Zürich
Psychiatrische Universitätsklinik Zürich,20,ZH,ZAE Ambi / TZ Selnaustrasse,Selnaustrasse 9,8001 Zürich
Psychiatrische Universitätsklinik Zürich,20,ZH,ZSP Nachtklinik Klusstrasse,Klusstrasse 44,8032 Zürich
Psychiatrische Universitätsklinik Zürich,20,ZH,ZSP Ambi Limmattal,Zürcherstrasse 49,8953 Dietikon
Psychiatrische Universitätsklinik Zürich,20,ZH,ZSP Ambi Oerlikon,Hofwiesenstrasse 318,8050 Zürich-Oerlikon
Psychiatrische Universitätsklinik Zürich,20,ZH,PUK Rheinau,Alleestrasse,8462 Rheinau
Psychiatrische Universitätsklinik Zürich,20,ZH,ZKJF Zürich,Neptunstr. 60,8032 Zürich
Psychiatrische Universitätsklinik Zürich,20,ZH,KAP Schlieren,Wagistrasse 23,8952 Schlieren
Psychiatrische Universitätsklinik Zürich,20,ZH,KJPP Zürich,Neumünsterallee 3,8032 Zürich
Psychiatrische Universitätsklinik Zürich,20,ZH,ZKP Brüschhalde,Bergstrasse 120,8708 Männedorf
Psychiatrische Universitätsklinik Zürich,20,ZH,ZAS Winterthur,Albanistrasse 24,8400 Winterthur
Psychiatrische Universitätsklinik Zürich,20,ZH,ZAS Bülach,Bahnhofstrasse 39,8180 Bülach
Psychiatrische Universitätsklinik Zürich,20,ZH,ZAS Dietikon,Löwenstrasse 15,8953 Dietikon
Psychiatrische Universitätsklinik Zürich,20,ZH,ZAS Horgen,Bahnhofstrasse 6,8810 Horgen
Psychiatrische Universitätsklinik Zürich,20,ZH,ZAS Uster,Gerberstrasse 3,8610 Uster
Psychiatrische Universitätsklinik Zürich,20,ZH,ZAS Wetzikon,Guyer-Zeller-Strasse 21,8620 Wetzikon
Psychiatrische Universitätsklinik Zürich,20,ZH,ZAS Zürich Nord,Thurgauerstrasse 39,8050 Zürich
PZM Psychiatriezentrum Münsingen,1,BE,PZM Psychiatriezentrum Münsingen,Hunzigenallee 1,3110 Münsingen
Regionalspital Emmental AG,2,BE,Spital Burgdorf,Oberburgstrasse 54,3400 Burgdorf
Regionalspital Emmental AG,2,BE,Spital Langnau,Dorfbergstrasse 10,3550 Langnau
Regionalspital Surselva AG,1,GR,Regionalspital Surselva,Spitalstrasse 6,7130 Ilanz
reha andeer ag Rehabilitationsklinik,1,GR,reha andeer ag,Veia Granda,7440 Andeer
Reha Chrischona,1,BS,Reha Chrischona,Hohe Strasse 30,4126 Bettingen
Reha Rheinfelden,1,AG,Rheinfelden,Salinenstrasse 98,4310 Rheinfelden
REHAB Basel,1,BS,REHAB Basel,Im Burgfelderhof 40,4055 Basel
Rehabilitationszentrum Seewis Klinik für Herz- & Kreislauferkrankungen,1,GR,Reha Seewis,Schlossstrasse 1,7212 Seewis Dorf
RehaClinic Baden,2,AG,RehaClinic Baden,Bäderstrasse 16,5401 Baden
RehaClinic Baden,2,AG,RehaClinic Baden-Dättwil,Im Ergel 1,5404 Baden
RehaClinic Braunwald,1,GL,Braunwald,Niederschlachtstrasse 12,8784 Braunwald
RehaClinic Glarus,1,GL,RehaClinic Glarus,Burgstrasse 99,8750 Glarus
RehaClinic Kilchberg,1,ZH,RehaClinic Kilchberg,Grütstrasse 60,8802 Kilchberg ZH
RehaClinic Sonnmatt Luzern,1,LU,RehaClinic Sonnmatt Luzern,Hemschlenstrasse,6006 Luzern
RehaClinic Zollikerberg,1,ZH,RehaClinic Zollikerberg,Trichtenhauserstrasse 20,8125 Zollikerberg
RehaClinic Zurzach,3,AG,RehaClinic Bad Zurzach,Quellenstrasse 34,5330 Bad Zurzach
RehaClinic Zurzach,3,AG,Akutnahe Rehabilitation,Im Ergel 1,5404 Baden
RehaClinic Zurzach,3,AG,Ambulatorium Brugg,Fröhlichstrasse 5,5200 Brugg
Rehaklinik Bellikon,1,AG,Bellikon,Mutschellenstrasse 2,5454 Bellikon
Rehaklinik Hasliberg AG,1,BE,Klinik Hasliberg,Laueli 89b,6083 Hasliberg Hohfluh
Rehaklinik Zihlschlacht AG Neurologisches Rehabilitationszentrum,1,TG,Rehaklinik Zihlschlacht AG,Hauptstrasse 2-4,8588 Zihlschlacht
Réseau fribourgeois de santé mentale - RFSM Centre de soins hospitaliers,1,FR,RFSM,,1633 Marsens
Réseau Santé Balcon du Jura.vd (RSBJ),2,VD,Les Rosiers,Rue des Rosiers 29,1450 Ste-Croix
Réseau Santé Balcon du Jura.vd (RSBJ),2,VD,Les Alpes,Avenue des Alpes 18D,1450 Ste-Croix
Rheinburg-Klinik AG,1,AR,Rheinburg-Klinik AG,Dorf,9428 Walzenhausen
Rosenklinik AG,1,SG,Rosenklinik AG,Güterstrasse 21/23,8640 Rapperswil-Jona
Sanatorium Kilchberg,2,ZH,Sanatorium Kilchberg AG,Alte Landstrasse 70,8802 Kilchberg ZH
Sanatorium Kilchberg,2,ZH,Zentrum für Psychosomatik,Selnaustrasse 6,8001 Zürich
Schulthess Klinik,3,ZH,Schulthess Klinik,Lengghalde 2,8008 Zürich
Schulthess Klinik,3,AG,Schulthess Klinik Zurzach,Badstrasse 44,5330 Bad Zurzach
Schulthess Klinik,3,ZH,Schulthess Klinik Kloten,Verenagasse 4,8302 Kloten
Schützen Rheinfelden AG Klinik & Ambulatorium,3,AG,Klinik Schützen,Bahnhofstrasse 19,4310 Rheinfelden
Schützen Rheinfelden AG Klinik & Ambulatorium,3,AG,Ambulatorium Rheinfelden,Stadtweg 4,4310 Rheinfelden
Schützen Rheinfelden AG Klinik & Ambulatorium,3,AG,Ambulatorium Aarau,Schanzweg 7,5001 Aarau
Schweizer Paraplegiker-Zentrum Nottwil AG,1,LU,Schweizer Paraplegiker-Zentrum,Guido A. Zäch Strasse 1,6207 Nottwil
Secteur Psychiatrique Est Fondation de Nant,15,VD,Hôpital psychiatrique Nant,Route de Nant,1804 Corsier-sur-Vevey
Secteur Psychiatrique Est Fondation de Nant,15,VD,Unité de Réhabilitation Thérapeutique - URT,Avenue de Sully 2,1814 La Tour-de-Peilz
Secteur Psychiatrique Est Fondation de Nant,15,VD,Centre Thérapeutique de Jour,Rue des Vergers 2,1815 Clarens
Secteur Psychiatrique Est Fondation de Nant,15,VD,Unité hospitalière de pédopsychiatrie Enfant & Adolesccent,Route de Nant,1804 Corsier-sur-Vevey
Secteur Psychiatrique Est Fondation de Nant,15,VD,Pédopsychiatrie ambulatoire,Rue des Moulins 11,1800 Vevey
Secteur Psychiatrique Est Fondation de Nant,15,VD,Accueil-Urgence-Liaison  c/o HRC Site Samaritain,Boulevard Paderewski 3,1800 Vevey
Secteur Psychiatrique Est Fondation de Nant,15,VD,Pédopsychiatrie ambulatoire,Grand Chêne 1,1860 Aigle
Secteur Psychiatrique Est Fondation de Nant,15,VD,Pédopsychiatrie ambulatoire,Rte des Chenolettes 4,1660 Château-d'Oex
Secteur Psychiatrique Est Fondation de Nant,15,VD,CTPE et CTJE,Chemin de Chamoyron 29,1806 St-Légier-La Chiésaz
Secteur Psychiatrique Est Fondation de Nant,15,VD,Psychiatrie adultes ambulatoire,Avenue des Alpes 66,1820 Montreux
Secteur Psychiatrique Est Fondation de Nant,15,VD,Psychiatrie adultes ambulatoire,Grand Chêne 1,1860 Aigle
Secteur Psychiatrique Est Fondation de Nant,15,VD,Psychogériatrie ambulatoire,Rue des Moulins 11,1800 Vevey
Secteur Psychiatrique Est Fondation de Nant,15,VD,Psychogériatrie ambulatoire,Grand Chêne 1,1860 Aigle
Secteur Psychiatrique Est Fondation de Nant,15,VD,Unité Ambulatoire Spécialisée,Avenue des Alpes 66,1820 Montreux
Secteur Psychiatrique Est Fondation de Nant,15,VD,Unités Traitements Dépendance,Rue du Molage 8,1860 Aigle
Seeklinik Brunnen AG,1,SZ,Seeklinik Brunnen AG,Gersauerstrasse 8,6440 Brunnen
See-Spital,2,ZH,See-Spital Horgen,Asylstrasse 19,8810 Horgen
See-Spital,2,ZH,See-Spital Kilchberg,Grütstrasse 60,8802 Kilchberg
Siloah AG,1,BE,Klinik Siloah,Worbstrasse 316,3073 Gümligen
SMN  - Neuchâtel,3,NE,Hôpital de la Providence,Faubourg de l'Hôpital 81,2000 Neuchâtel
SMN  - Neuchâtel,3,NE,Clinique Montbrillant,Rue de la Montagne 1,2300 La Chaux-de-Fonds
SMN  - Neuchâtel,3,NE,La Chaux-de-Fonds,Chasseral 20,2300 La Chaux-de-Fonds
SMN - Clinica Ars Medica,1,TI,SMN - Clinica Ars Medica,Via Grumo 16,6929 Gravesano
SMN - Clinica Sant'Anna,1,TI,SMN - Clinica Sant'Anna,Via Sant'Anna 1,6924 Sorengo
SMN - Clinique de Valère,1,VS,SMN - Clinique de Valère,Rue de Pré-Fleuri 16,1950 Sion
SMN - Klinik Villa im Park,1,AG,SMN - Klinik Villa im Park,Bernstrasse 84,4852 Rothrist
SMN - Privatklinik Obach,1,SO,SMN - Privatklinik Obach,Leopoldstrasse 5,4500 Solothurn
SMN - Schmerzklinik Basel,1,BS,SMN - Schmerzklinik Basel,Hirschgässlein 11,4051 Basel
Solothurner Spitäler AG,5,SO,Bürgerspital Solothurn,Schöngrünstrasse 36a,4500 Solothurn
Solothurner Spitäler AG,5,SO,Kantonsspital Olten,Baslerstrasse 150,4600 Olten
Solothurner Spitäler AG,5,SO,Spital Dornach,Spitalweg 11,4143 Dornach
Solothurner Spitäler AG,5,SO,Psychiatrische Dienste,Weissensteinstrasse 102,4503 Solothurn
Solothurner Spitäler AG,5,SO,Solothurner Spitäler AG,Schöngrünstrasse 36a,4500 Solothurn
Soteria Bern,4,BE,Station Soteria,Bühlstrasse 19,3012 Bern
Soteria Bern,4,BE,Klinik Soteria Lobhaus,Murtenstrasse 46,3008 Bern
Soteria Bern,4,BE,Klinik Soteria FETZ,Effingerstrasse 14a,3011 Bern
Soteria Bern,4,BE,Klinik Soteria Tageszentrum,Konsumstrasse 16,3007 Bern
Spital Affoltern,1,ZH,Spital Affoltern,Sonnenbergstrasse 27,8910 Affoltern am Albis
Spital Bülach AG,1,ZH,Spital Bülach,Spitalstrasse 24,8180 Bülach
Spital Davos AG Akutabteilung,1,GR,Spital Davos,Promenade 4,7270 Davos Platz
Spital Einsiedeln,1,SZ,Spital Einsiedeln,Spitalstrasse 28,8840 Einsiedeln
Spital Lachen,1,SZ,Spital Lachen,Oberdorfstrasse 41,8853 Lachen SZ
Spital Limmattal,1,ZH,Spital Limmattal,Urdorferstrasse 100,8952 Schlieren
Spital Linth,1,SG,Spital Linth,Gasterstrasse 25,8730 Uznach
Spital Männedorf AG,1,ZH,Spital Männedorf,Asylstrasse 10,8708 Männedorf
Spital Oberengadin,1,GR,Spital Oberengadin,Via Nouva 3,7503 Samedan
Spital Schwyz,1,SZ,Spital Schwyz,Waldeggstrasse 10,6430 Schwyz
Spital STS AG,4,BE,Spital Thun,Krankenhausstrasse 12,3600 Thun
Spital STS AG,4,BE,Spital Zweisimmen,Karl Haueter-Strasse 21,3770 Zweisimmen
Spital STS AG,4,BE,Ambulatorium Münsingen,Dorfmattweg 8a,3110 Münsingen
Spital STS AG,4,BE,Ambulatorium und Tagesklinik Steffisburg,Aumattweg 66,3612 Steffisburg
Spital Thurgau AG Kantonsspitäler Frauenfeld & Münsterlingen,2,TG,Kantonsspital Frauenfeld KSF,"Pfaffenholzstrasse 4, Postfach",8501 Frauenfeld
Spital Thurgau AG Kantonsspitäler Frauenfeld & Münsterlingen,2,TG,Kantonsspital Münsterlingen KSM,Spitalcampus 1,8596 Münsterlingen
Spital Thurgau AG Klinik St. Katharinental,1,TG,KSK Diessenhofen,St. Katharinental,8253 Diessenhofen
Spital Thurgau AG Psychiatrische Klinik Münsterlingen,1,TG,Psychiatr. Klinik Münsterlingen,Seeblickstrasse 3,8596 Münsterlingen
Spital Thusis,1,GR,Spital Thusis,Alte Strasse 31,7430 Thusis
Spital Uster,1,ZH,Spital Uster,Brunnenstrasse 42,8610 Uster
Spital Wallis - Spitalzentrum Oberwallis (SZO),3,VS,Standort Brig,Ueberlandstrasse,3900 Brig
Spital Wallis - Spitalzentrum Oberwallis (SZO),3,VS,Standort Visp,Pflanzettastrasse 8,3930 Visp
Spital Wallis - Spitalzentrum Oberwallis (SZO),3,VS,Brig - Verwaltung SZO,Spitalstrasse 7,3900 Brig
Spital Zofingen AG,1,AG,Spital Zofingen AG,Mühlethalstrasse 27,4800 Zofingen
Spital Zollikerberg,2,ZH,Spital Zollikerberg,Trichtenhauserstrasse 20,8125 Zollikerberg
Spital Zollikerberg,2,ZH,Frauen-Permanence Zürich,Goethestrasse 24,8001 Zürich
Spitäler Frutigen Meiringen Interlaken AG,2,BE,Spital Frutigen,Adelbodenstrasse 27,3714 Frutigen
Spitäler Frutigen Meiringen Interlaken AG,2,BE,Spital Interlaken,Weissenaustrasse 27,3800 Unterseen
Spitäler Schaffhausen,3,SH,Geissbergstrasse 81,Geissbergstrasse 81,8208 Schaffhausen
Spitäler Schaffhausen,3,SH,Nordstrasse 111,Nordstrasse 111,8200 Schaffhausen
Spitäler Schaffhausen,3,SH,Promenadenstrasse 21,Promenadenstrasse 21,8200 Schaffhausen
Spitalregion Fürstenland Toggenburg,2,SG,Spital Wil,Fürstenlandstrasse 32,9500 Wil SG
Spitalregion Fürstenland Toggenburg,2,SG,Spital Wattwil,Steig,9630 Wattwil
Spitalregion Rheintal Werdenberg Sarganserland,4,SG,Spital Altstätten,F.-Marolani-Strasse 6,9450 Altstätten
Spitalregion Rheintal Werdenberg Sarganserland,4,SG,Spital Grabs,Spitalstrasse 44,9472 Grabs
Spitalregion Rheintal Werdenberg Sarganserland,4,SG,Spital Walenstadt,Spitalstrasse 5,8880 Walenstadt
Spitalregion Rheintal Werdenberg Sarganserland,4,SG,Rebstein,Alte Landstrasse 106,9445 Rebstein
"Spitalverbund Appenzell Ausserrhoden, Akutsomatisches Spital Heiden/Herisau",2,AR,Spital Herisau,Krombach 3,9410 Herisau
"Spitalverbund Appenzell Ausserrhoden, Akutsomatisches Spital Heiden/Herisau",2,AR,Spital Heiden,Werdstrasse 1 A,9410 Heiden
"Spitalverbund Appenzell Ausserrhoden, Psychiatrisches Zentrum",1,AR,Psychiatrisches Zentrum AR,Krombach 3,9101 Herisau
Spitalzentrum Biel AG,1,BE,Spitalzentrum Biel,Vogelsang 84,2502 Biel/Bienne
SRO Spital Region Oberaargau AG,4,BE,Spital Langenthal,St. Urbanstrasse 67,4900 Langenthal
SRO Spital Region Oberaargau AG,4,BE,Ambulatorium Niederbipp,Anternstrasse 24,4704 Niederbipp
SRO Spital Region Oberaargau AG,4,BE,Ambulatorium Huttwil,Spitalstrasse 51,4950 Huttwil
SRO Spital Region Oberaargau AG,4,BE,Ambulatorium Herzogenbuchsee,Stelliweg 24,3360 Herzogenbuchsee
St. Claraspital,1,BS,St. Claraspital,Kleinriehenstrasse 30,4058 Basel
Stadtspital Triemli,1,ZH,Stadtspital Triemli,Birmensdorferstrasse 497,8063 Zürich
Stadtspital Waid,1,ZH,Stadtspital Waid,Tièchestrasse 99,8037 Zürich
Stiftung Diaconis Palliative Care,1,BE,Station Oranienburg-Belvoir,Schänzlistrasse 15,3013 Bern
Stiftung für ganzheitliche Medizin,2,BE,Klinik SGM,Weissensteinstrasse 30,4900 Langenthal
Stiftung für ganzheitliche Medizin,2,BE,SGM Ambi Bern,Bubenbergplatz 10,3011 Bern
Stiftung Klinik Selhofen,3,BE,Klinik Selhofen,Emmentalstrasse 8,3400 Burgdorf
Stiftung Klinik Selhofen,3,BE,Ambulatorium Selhofen Bern,Bubenbergplatz 4b,3011 Bern
Stiftung Klinik Selhofen,3,BE,Ambulatorium Selhofen Biel,Bahnhofplatz 2,2502 Biel
Stiftung Ostschweizer Kinderspital,2,SG,Ostschweizer Kinderspital,Claudiusstrasse 6,9006 St. Gallen
Stiftung Ostschweizer Kinderspital,2,SG,Romerhuus,Claudiusstrasse 6,9006 St. Gallen
Stiftung südhang Klinik für Suchttherapien,4,BE,Klinik Südhang,Südhang 1,3038 Kirchlindach
Stiftung südhang Klinik für Suchttherapien,4,BE,Ambul. und Tagesklinik Südhang,Bubenbergplatz 4b,3011 Bern
Stiftung südhang Klinik für Suchttherapien,4,BE,Ambulatorium Südhang Burgdorf,Kirchbergstrasse 97,3402 Burgdorf
Stiftung südhang Klinik für Suchttherapien,4,BE,Ambulatorium Südhang Biel,Bahnhofplatz 2,2502 Biel/Bienne
Suchtbehandlung Frankental Entzug & Intervention,1,ZH,Suchtbehandlung Frankental,Frankentalerstrasse 55,8049 Zürich
Sune-Egge,1,ZH,Fachspital Sune-Egge,Konradstrasse 62,8005 Zürich
Tertianum AG Klinik Tertianum Neutal,1,TG,REHA-Abteilung,Seestrasse 101,8267 Berlingen
Therapiezentrum Meggen,1,LU,Therapiezentrum Meggen,Rütliweg 1,6045 Meggen
Thurklinik AG,1,SG,Thurklinik AG,Bahnhofstrasse 123a,9244 Niederuzwil
Triaplus AG,7,ZG,Klinik Zugersee,Widenstrasse 55,6317 Oberwil b. Zug
Triaplus AG,7,ZG,Ambulante Psychiatrie und Psychotherapie Zug,Rathausstrasse 1,6341 Baar
Triaplus AG,7,ZG,Kinder- und Jugendpsychiatrie Zug,Rathausstrasse 1,6341 Baar
Triaplus AG,7,UR,Ambulante Psychiatrie und Psychotherapie Uri,Seedorferstrasse 6,6460 Altdorf UR
Triaplus AG,7,UR,Kinder- und Jugendpsychiatrie Uri,Seedorferstrasse 6,6460 Altdorf UR
Triaplus AG,7,SZ,Ambulante Psychiatrie und Psychotherapie Schwyz,Centralstrasse 5c,6410 Goldau
Triaplus AG,7,SZ,Kinder- und Jugendpsychiatrie Schwyz,Bahnhofstrasse 1,6410 Goldau
Universitäre Psychiatrische Dienste Bern (UPD) AG,16,BE,Klinik Bolligenstrasse Bern,Bolligenstrasse 111,3000 Bern 60
Universitäre Psychiatrische Dienste Bern (UPD) AG,16,BE,Klinik Murtenstrasse Bern,Murtenstrasse 21,3008 Bern
Universitäre Psychiatrische Dienste Bern (UPD) AG,16,BE,Klinik Neuhaus Ittigen,Untere Zollgasse 99,3063 Ittigen
Universitäre Psychiatrische Dienste Bern (UPD) AG,16,BE,Therapiestation Alpenstrasse Bern,Alpenstrasse 25,3006 Bern
Universitäre Psychiatrische Dienste Bern (UPD) AG,16,BE,"Ambulatorium, Tagesklinik und Station Olvido Spiez",General-Guisanstrasse 2,3700 Spiez
Universitäre Psychiatrische Dienste Bern (UPD) AG,16,BE,Ambulatorium Moserstrasse Bern,Moserstrasse 24,3014 Bern
Universitäre Psychiatrische Dienste Bern (UPD) AG,16,BE,Ambulatorium Effingerstrasse Bern,Effingerstrasse 12,3011 Bern
Universitäre Psychiatrische Dienste Bern (UPD) AG,16,BE,Ambulatorium Zieglerstrasse Bern,Zieglerstrasse 7,3007 Bern
Universitäre Psychiatrische Dienste Bern (UPD) AG,16,BE,Wohncoaching Kasthoferstrasse Bern,Kasthoferstrasse 63,3006 Bern
Universitäre Psychiatrische Dienste Bern (UPD) AG,16,BE,Ambulatorium und Tagesklinik Biel,Kloosweg 24,2502 Biel/Bienne
Universitäre Psychiatrische Dienste Bern (UPD) AG,16,BE,Ambulatorium Thun,Scheibenstrasse 11c,3600 Thun
Universitäre Psychiatrische Dienste Bern (UPD) AG,16,BE,Ambulatorium Interlaken,Bahnhofstrasse 20,3800 Interlaken
Universitäre Psychiatrische Dienste Bern (UPD) AG,16,BE,Ambulatorium Burgdorf,Dunantstrasse 7b,3400 Burgdorf
Universitäre Psychiatrische Dienste Bern (UPD) AG,16,BE,Gemeindepsychiatrisches Zentrum Morgenstrasse Bern,Morgenstrasse 83,3018 Bern
Universitäre Psychiatrische Dienste Bern (UPD) AG,16,BE,Station Lindenweg Moosseedorf,Lindenweg 4,3302 Moosseedorf
Universitäre Psychiatrische Dienste Bern (UPD) AG,16,BE,Klinik Althaus und Tagesklinik Grünthalhaus Bern,Bolligenstrasse 111,3000 Bern 60
Universitäre Psychiatrische Kliniken Basel,8,BS,UPK-Campus (EPK/FPK),Wilhelm-Klein-Strasse 27,4056 Basel
Universitäre Psychiatrische Kliniken Basel,8,BS,Psychotherap. Tagesklinik (PTK),Spalenberg 65,4051 Basel
Universitäre Psychiatrische Kliniken Basel,8,BS,Jugendpsychiatr. Abteilung (JPA),Röschenzerstrasse 5/7,4053 Basel
Universitäre Psychiatrische Kliniken Basel,8,BS,Gesundheitszentrum Psychiatrie Kornhausgasse,Kornhausgasse 7,4051 Basel
Universitäre Psychiatrische Kliniken Basel,8,BS,Kinderpsychiatr. Abteil. (KPA),Alemannengasse 60,4058 Basel
Universitäre Psychiatrische Kliniken Basel,8,BS,DTK f. Klein-/Kindergartenkinder,Chrischonastrasse 38,4058 Basel
Universitäre Psychiatrische Kliniken Basel,8,BS,Kriseninterventionsstation (KIS),Schanzenstrasse 55,4031 Basel
Universitäre Psychiatrische Kliniken Basel,8,BS,Janus,Spitalstrasse 2,4056 Basel
Universitäts-Kinderspital beider Basel (UKBB),1,BS,UKBB,Spitalstrasse 33,4056 Basel
Universitäts-Kinderspital Zürich das Spital der Eleonorenstiftung,2,ZH,Universitäts-Kinderspital Zürich,Steinwiesstrasse 75,8032 Zürich
Universitäts-Kinderspital Zürich das Spital der Eleonorenstiftung,2,ZH,Rehabilitationszentrum Affoltern,Mühlebergstrasse 104,8910 Affoltern am Albis
Universitätsklinik Balgrist,1,ZH,Universitätsklinik Balgrist,Forchstrasse 340,8008 Zürich
Universitätsspital Basel,1,BS,Universitätsspital Basel,Hebelstrasse 32,4056 Basel
Universitätsspital Zürich,3,ZH,UniversitätsSpital Zürich,Rämistrasse 100,8091 Zürich
Universitätsspital Zürich,3,ZH,Wagi-Areal Schlieren,Wagistrasse 14,8952 Schlieren
Universitätsspital Zürich,3,ZH,Urologie Meilen,Obere Kirchgasse 18,8706 Meilen
Uroviva Klinik AG,1,ZH,Uroviva Klinik AG,Zürichstrasse 5,8180 Bülach
Venenklinik Bellevue AG,1,TG,Venenklinik Bellevue Kreuzlingen,Brückenstrasse 9,8280 Kreuzlingen
Vista Klinik,1,BL,Vista Klinik,Hauptstrasse 55,4102 Binningen
Zuger Kantonsspital AG,1,ZG,Zuger Kantonsspital,Landhausstrasse 11,6340 Baar
Zürcher RehaZentrum Davos,1,GR,Zürcher RehaZentrum Davos,Klinikstrasse 6,7272 Davos Clavadel
Zürcher RehaZentrum Wald,1,ZH,Zürcher RehaZentrum Wald,Faltigbergstrasse 7,8636 Wald ZH
